ID,Prix,Quantite,Remise,CA_Brut,CA_Net,TVA
1,176,2,48,352,183.04000000000002,36.608000000000004
2,351,5,19,1755,1421.5500000000002,284.31000000000006
3,299,10,31,2990,2063.1,412.62
4,488,6,47,2928,1551.8400000000001,310.36800000000005
5,959,3,19,2877,2330.3700000000003,466.07400000000007
6,155,8,33,1240,830.8,166.16
7,378,1,13,378,328.86,65.772
8,141,5,25,705,528.75,105.75
9,587,2,17,1174,974.42,194.88400000000001
10,788,7,26,5516,4081.84,816.368
