ID,Prix,Quantite,Remise,CA_Brut,CA_Net,TVA
1,6337,268,40,1698316,1018989.6,203797.92
2,1272,8298,31,10555056,7282988.64,1456597.7280000001
3,898,3631,26,3260638,2412872.12,482574.42400000006
4,2970,412,49,1223640,624056.4,124811.28000000001
5,7454,9292,76,69262568,16623016.32,3324603.2640000004
6,9860,5529,47,54515940,28893448.200000003,5778689.640000001
7,4712,5748,17,27084576,22480198.08,4496039.615999999
8,7762,5050,73,39198100,10583487.0,2116697.4
